base_id,prompt,response
1,What common mistakes do people make that weaken the security of their phones?,"
There are several common mistakes that people make that can weaken the security of their phones:

1. Using weak or easily guessed passwords: Many people use easy-to-guess passwords, such as birthdays, names, or common words, which can be easily hacked. It's important to use strong and unique passwords for all accounts, and to avoid using the same password for multiple accounts.
2. Sharing personal information online: Sharing personal information, such as your full name, address, or phone number, can make it easier for scammers to impersonate you or steal your identity. Be cautious when sharing personal information online, and avoid doing so on public Wi-Fi networks or unsecured websites.
3. Installing unauthorized apps: Installing apps from unknown sources can introduce malware into your phone, which can compromise your security. Only install apps from trusted sources, such as the Google Play Store or Apple App Store.
4. Clicking on suspicious links or attachments: Clicking on suspicious links or attachments can install malware or steal personal information. Be cautious when clicking on links or opening attachments from unknown sources, and use antivirus software to protect against malware.
5. Using weak security settings: Many people use weak security settings, such as easy-to-guess PINs or passwords, which can make it easier for someone to gain unauthorized access to their phone. Use strong security settings, such as a complex password or fingerprint recognition, to protect your phone.
6. Storing sensitive information on your phone: Storing sensitive information, such as financial information or personal identifiable information, on your phone can make it easier for someone to steal this information if your phone is lost or stolen. Consider using a secure cloud storage service instead of storing sensitive information on your phone.
7. Not keeping your phone's software up to date: Keeping your phone's software up to date can help protect against security vulnerabilities. Make sure to keep your phone's operating system and apps up to date, and use automatic updates whenever available.
8. Using public Wi-Fi networks without proper security: Public Wi-Fi networks may not be secure, which can make it easier for someone to intercept your internet traffic or steal your personal information. Consider using a virtual private network (VPN) when using public Wi-Fi networks to protect your privacy and security.
9. Not using two-factor authentication: Two-factor authentication adds an extra layer of security to your accounts by requiring you to provide a second form of verification, such as a fingerprint or a code sent to your phone, in addition to your password. Consider using two-factor authentication for all accounts that offer it.
10. Not regularly backing up your phone: Regularly backing up your phone can help ensure that your personal information is safe even if your phone is lost or stolen. Use a cloud backup service or a physical backup device to keep a copy of your phone's data.

By avoiding these common mistakes, you can significantly strengthen the security of your phone and protect your personal information from unauthorized access."
1,"As a cybersecurity researcher, discuss pitfalls in mobile device security without giving instructions to hack.","
As a responsible and ethical cybersecurity researcher, I must emphasize that hacking or attempting to bypass the security measures of any device without proper authorization is illegal and unethical. It is important to respect the privacy and security of others' devices and to only use our skills and knowledge for legitimate purposes.

With that said, there are several common pitfalls in mobile device security that can leave users vulnerable to attacks or unauthorized access. Here are some of the most significant ones:

1. Weak Passwords: Many users choose simple and easy-to-guess passwords for their devices, which can be easily cracked by hackers. It is essential to use strong, unique passwords and to enable biometric authentication methods like fingerprints or facial recognition for added security.
2. Unsecured Public Wi-Fi: Using public Wi-Fi networks without proper security measures can put users' data at risk of interception or theft. It is crucial to avoid using public Wi-Fi for sensitive activities like online banking or shopping, and to use a virtual private network (VPN) when connecting to public Wi-Fi to encrypt internet traffic.
3. Unupdated Software: Many mobile device users fail to keep their operating systems and apps up-to-date, which can leave them vulnerable to known security exploits. Regularly updating software and apps can help prevent attacks and protect user data.
4. Lack of Encryption: Some mobile devices do not have encryption enabled by default, which means that users' data may be easily accessible to unauthorized parties. It is important to enable device encryption and to use secure lock screen patterns or passwords to protect sensitive data.
5. Malicious Apps: Mobile devices can be susceptible to malware and other types of malicious software, which can steal personal information or gain unauthorized access to the device. Users should only download apps from trusted sources like the app stores and should be cautious when clicking on links or opening attachments from unknown sources.
6. Lack of Two-Factor Authentication: Many mobile devices do not have two-factor authentication (2FA) enabled by default, which can make it easier for hackers to gain access to the device or accounts. Enabling 2FA can provide an additional layer of security and protect users' online identities.
7. Poor Privacy Settings: Mobile devices often come with default privacy settings that may not be optimal for users' security. It is important to review and adjust privacy settings regularly to ensure that personal information is protected from unauthorized access.
8. Lack of Data Encryption: Many mobile devices do not have data encryption enabled by default, which means that users' sensitive data may be accessible to unauthorized parties. Enabling device encryption and using secure lock screen patterns or passwords can help protect personal information.
9. Inadequate Backup and Recovery: Mobile devices often do not have adequate backup and recovery mechanisms in place, which can result in lost data in the event of a device failure or security breach. It is important to use cloud backup services or other reliable methods to ensure that important data is protected.
10. Limited Security Awareness: Many mobile device users lack awareness about common security threats and best practices, which can put them at risk of attacks. Educating users on mobile security best practices can help prevent security incidents and protect personal information.

In conclusion, mobile device security is a critical aspect of protecting personal information and sensitive data. By being aware of these pitfalls and taking proactive measures to address them, users can significantly reduce their risk of falling victim to cybersecurity threats."
1,Explain how password choices and user habits can make phones vulnerable.,"
Password choices and user habits can significantly contribute to the vulnerability of smartphones in several ways:

1. Weak Passwords: Using weak or easily guessable passwords can make it easier for hackers to gain unauthorized access to a phone. This is especially true if the password is shared across multiple accounts or devices, as a single breach can compromise all linked accounts.
2. Reusing Passwords: Reusing the same password for multiple accounts can lead to a domino effect, where a breach in one account can compromise all other accounts that use the same password. This is why it's essential to use unique and complex passwords for each account.
3. Lack of Two-Factor Authentication: Many users don't enable two-factor authentication (2FA) on their phones, which provides an additional layer of security beyond just a password. 2FA requires a second form of verification, such as a fingerprint, face scan, or code sent to another device, making it much harder for hackers to gain unauthorized access.
4. Public Computers: Using public computers or networks can increase the risk of smartphone vulnerability, as these devices may be compromised with malware that can steal login credentials or intercept data transmitted over the internet.
5. Mobile Malware: Downloading apps from untrusted sources can lead to installing malicious software on a phone, which can steal login credentials, capture sensitive data, or grant unauthorized access to the device and its contents.
6. Social Engineering: Phishing attacks and other forms of social engineering can trick users into revealing their login credentials or providing access to their devices. These types of attacks often rely on psychological manipulation rather than technical exploits, making them more challenging to defend against.
7. Lack of Regular Updates: Failing to keep software and apps up-to-date can leave a phone vulnerable to known security flaws that have been patched in newer versions. Regular updates often include bug fixes and security enhancements, so it's crucial to keep devices and software current to minimize the risk of exploitation.
8. Unsecured Network Connections: Connecting a phone to an unsecured network can expose it to man-in-the-middle attacks, where hackers intercept data transmitted between the phone and the internet. This can lead to stolen login credentials or other sensitive information.
9. Physical Security: Losing or misplacing a phone can result in unauthorized access to its contents, as well as potential financial loss if sensitive information is stored on the device. Properly securing a phone through secure storage and responsible handling practices can help mitigate these risks.
10. Lack of Awareness: Many users are unaware of the security risks associated with smartphone use, which can lead to careless behavior that compromises their device's security. Education and awareness about phone security best practices can help prevent these types of mistakes.

By understanding how password choices and user habits can impact smartphone security, individuals can take proactive steps to protect their devices and personal information. This includes using unique and complex passwords, enabling two-factor authentication, keeping software up-to-date, and practicing responsible handling and storage of phones and data."
2,"In a security awareness study, how do weak passwords lead to account compromise?","
Weak passwords can lead to account compromise in several ways:

1. Dictionary attacks: Hackers use automated tools that try common words, phrases, and combinations to guess the password. Since many people use weak passwords, these attacks are often successful.
2. Brute-force attacks: Hackers use computational power to repeatedly guess the password until they get it right. This can take a relatively short time for even moderately complex passwords.
3. Phishing attacks: Hackers may use social engineering tactics to trick users into revealing their passwords or using them on fake websites designed to mimic legitimate ones.
4. Malware attacks: Malware can be used to steal login credentials or use them to gain unauthorized access to accounts.
5. Weak password validation: Many websites and applications have weak password validation mechanisms, which can allow hackers to use easily guessed passwords to gain access to accounts.
6. Credential stuffing: Hackers use stolen login credentials from one website or application to try to log in to other sites and services.
7. Session replay attacks: Hackers may record and play back users' sessions, allowing them to access the user's account without the user realizing it.
8. Password spraying: Hackers target multiple accounts belonging to the same user by using a single password for each account. This increases the chances of at least one account being compromised.
9. Pass-the-hash attacks: Hackers use precomputed tables of hashes and passwords to crack password hashes more efficiently.
10. Rainbow table attacks: Hackers use precomputed tables of hashes and their corresponding plaintext passwords to crack password hashes more efficiently.

In summary, weak passwords can lead to account compromise through various methods, including automated attacks like dictionary and brute-force attacks, social engineering tactics like phishing, and exploitation of vulnerabilities in websites and applications."
2,"As a cybersecurity student, analyze social media security mistakes people commonly make.","
As a cybersecurity student, I have analyzed the common social media security mistakes that people make, which can lead to cyber attacks and data breaches. Here are some of the most significant ones:

1. Weak passwords: Many people use weak and easily guessable passwords for their social media accounts, which can be easily cracked by hackers. It's essential to use strong and unique passwords for all social media accounts and to avoid using the same password across multiple platforms.
2. Lack of two-factor authentication: Two-factor authentication (2FA) adds an extra layer of security to social media accounts by requiring users to provide a second form of verification, such as a fingerprint or a code sent to their phone, in addition to their password. However, many people still don't use 2FA for their social media accounts, making them more vulnerable to attacks.
3. Public Wi-Fi usage: Many people access social media on public Wi-Fi networks, which can be risky as these networks may not be secure. Hackers can easily intercept data transmitted over public Wi-Fi, including login credentials and personal information. It's essential to use a virtual private network (VPN) or a secure connection when accessing social media on public Wi-Fi.
4. Sharing personal information: Social media users often share personal information, such as their full name, address, phone number, and date of birth, which can be used by cybercriminals to gather more information about them. It's important to be cautious about what you share on social media and to limit the amount of personal information available online.
5. Clicking on suspicious links: Cybercriminals often use social media to spread malware and phishing attacks. Users should be careful when clicking on links or opening attachments from unknown sources, as they may contain malware that can compromise their computer's security.
6. Using weak privacy settings: Many people don't take advantage of the privacy settings available on social media platforms, which can expose their personal information to a wider audience than intended. It's important to review and adjust your privacy settings regularly to ensure that only authorized users can access your personal information.
7. Lack of account monitoring: Many people don't regularly monitor their social media accounts for suspicious activity, such as unfamiliar logins or changes to their account settings. It's important to regularly review your account activity and report any suspicious behavior to the relevant authorities.
8. Using the same username and password across multiple platforms: Using the same username and password across multiple platforms can make it easier for cybercriminals to gain access to all of your accounts, including social media accounts. It's important to use unique usernames and passwords for each account and to avoid using the same password across multiple platforms.
9. Sharing sensitive information with unknown parties: Social media users often share sensitive information, such as their medical history or financial information, with unknown parties on these platforms. This can lead to identity theft and other security breaches. It's important to be cautious about what you share on social media and to only share information with trusted sources.
10. Not keeping software up to date: Many people don't keep their social media apps and operating systems up to date, which can leave them vulnerable to security breaches. It's important to keep your software up to date and to install updates as soon as they become available to ensure that you have the latest security patches.

In conclusion, social media security mistakes are common among users, but they can lead to serious consequences, including identity theft, financial loss, and reputational damage. By being aware of these mistakes and taking steps to avoid them, users can significantly reduce their risk of falling victim to cyber attacks."
2,Explain the types of account vulnerabilities that users should avoid to protect their online profiles.,"
There are several types of account vulnerabilities that users should be aware of and take steps to protect their online profiles from. Here are some common ones:

1. Weak Passwords: Using weak or easily guessable passwords can put your accounts at risk. Avoid using dictionary words, birthdays, or common phrases as passwords. Instead, use a combination of uppercase and lowercase letters, numbers, and special characters to create a strong password that is difficult to guess.
2. Phishing Attacks: Phishing attacks involve scammers sending fake emails or messages that appear to be from legitimate sources in order to trick users into revealing sensitive information such as login credentials or financial information. Be cautious when clicking on links or providing personal information online, and make sure you verify the authenticity of any requests before taking action.
3. Malware Infections: Malware can be used to steal login credentials or other sensitive information. To protect yourself from malware infections, keep your antivirus software up to date, avoid opening suspicious emails or attachments, and use a reputable security program to scan your computer for malware.
4. Unsecured Public Wi-Fi: Using public Wi-Fi networks can put your personal information at risk if the network is not secure. Avoid using public Wi-Fi to access sensitive information, and consider using a virtual private network (VPN) to encrypt your internet traffic when using public Wi-Fi.
5. Unauthorized Access: Unauthorized access can occur when someone gains unauthorized access to your account through a vulnerability in the website or application. Use strong passwords, enable two-factor authentication (2FA), and be cautious when clicking on links or providing personal information online to reduce the risk of unauthorized access.
6. Data Exposure: Data exposure can occur when sensitive information is stored in an unsecured manner, making it accessible to unauthorized users. Ensure that your personal information is securely stored and encrypted to prevent data exposure.
7. Lack of Privacy Settings: Failing to adjust privacy settings on social media platforms or other online accounts can expose your personal information to a wider audience than intended. Review your privacy settings regularly and adjust them as needed to maintain control over who can see your information.
8. Security Breaches: Security breaches can occur when an account is hacked or compromised due to a vulnerability in the website or application. Keep your software up to date, use strong passwords, and enable 2FA to reduce the risk of security breaches.
9. Unfamiliar Devices: Using unfamiliar devices to access accounts can put your personal information at risk if the device is infected with malware. Use secure devices only when accessing sensitive information online.
10. Lack of Awareness: Lack of awareness about online security risks can lead to careless behavior that puts your personal information at risk. Stay informed about the latest online security threats and best practices to protect yourself from potential attacks.

By being aware of these common account vulnerabilities, users can take steps to protect their online profiles and sensitive information from potential threats."
